{
  "n_components": 3,
  "bic": -5874.294480802089,
  "silhouette_score": 0.548973948404299,
  "davies_bouldin_index": 0.5413298887343014,
  "calinski_harabasz_score": 22375.445451006843,
  "cluster_sizes": {
    "0": 3552,
    "1": 1922,
    "2": 3310
  },
  "cluster_proportions": {
    "0": 0.40437158469945356,
    "1": 0.21880692167577415,
    "2": 0.3768214936247723
  },
  "unstable_cluster": 1,
  "cluster_means": {
    "0": 0.07791414382742458,
    "1": 0.30436657489418834,
    "2": -0.12507999057371003
  }
}