{
  "temp_range": {
    "median": 7.289999961853027,
    "q1": 5.019999980926514,
    "q3": 9.75,
    "iqr": 4.730000019073486
  },
  "pressure_change": {
    "median": 3.44744873046875,
    "q1": 1.468475341796875,
    "q3": 6.1832427978515625,
    "iqr": 4.7147674560546875
  },
  "wind_cv": {
    "median": 0.1728900350318577,
    "q1": 0.11218137152662915,
    "q3": 0.2392413353818417,
    "iqr": 0.12705996385521257
  },
  "precip_intensity": {
    "median": 0.0,
    "q1": 0.0,
    "q3": 0.0,
    "iqr": 1.0
  },
  "humidity_std": {
    "median": 7.53494808733038,
    "q1": 4.589071603079231,
    "q3": 11.46143244478907,
    "iqr": 6.872360841709839
  },
  "temp_trend": {
    "median": -0.005491299992022568,
    "q1": -0.1532934866521672,
    "q3": 0.14641522542290017,
    "iqr": 0.29970871207506733
  },
  "pressure_trend": {
    "median": -0.011824340820342057,
    "q1": -0.15802466351054725,
    "q3": 0.1502865335215497,
    "iqr": 0.308311197032097
  },
  "wind_trend": {
    "median": 0.0005305351381715949,
    "q1": -0.03752688252407584,
    "q3": 0.04009467031644735,
    "iqr": 0.07762155284052319
  },
  "high_wind_flag": {
    "median": 0.0,
    "q1": 0.0,
    "q3": 0.0,
    "iqr": 1.0
  },
  "heavy_precip_flag": {
    "median": 0.0,
    "q1": 0.0,
    "q3": 0.0,
    "iqr": 1.0
  },
  "rapid_temp_change": {
    "median": 0.0,
    "q1": 0.0,
    "q3": 0.0,
    "iqr": 1.0
  },
  "storm_flag": {
    "median": 0.0,
    "q1": 0.0,
    "q3": 0.0,
    "iqr": 1.0
  }
}